<?xml version="1.0" encoding="iso-8859-1"?>
<DOC_ARQ xmlns:xsi="http://www.w3.org/2001/XMLSchema-instance" xmlns:xsd="http://www.w3.org/2001/XMLSchema">
  <DESC_ADM>
    <COD_DOC>12</COD_DOC>
    <CD_CVM>5</CD_CVM>
    <DT_COMPT>06/2015</DT_COMPT>
    <DT_GERAC_ARQ>12/01/2017</DT_GERAC_ARQ>
  </DESC_ADM>
  <INVEST_NAO_RESID>
    <ROW_INFORME>
      <DADOS_CONTA>
        <CD_TITULAR>5</CD_TITULAR>
        <CD_CONTA>1</CD_CONTA>
        <PASSAGEIRO>
          <ROW_PASSAGEIRO>
            <DADOS_PASSAGEIRO>
              <CD_PASSAGEIRO>5</CD_PASSAGEIRO>
            </DADOS_PASSAGEIRO>
            <APLICACOES>
              <ROW_APLICACOES>
                <COD_MOV>37</COD_MOV>
                <ROW_ATIV>
                  <TP_ATIV>2</TP_ATIV>
                  <COD_ATIV>ELET6</COD_ATIV>
                  <DT_INI_VIGENCIA>13/11/1974</DT_INI_VIGENCIA>
                  <VL_APLIC>31700</VL_APLIC>
                </ROW_ATIV>
                <ROW_ATIV>
                  <TP_ATIV>2</TP_ATIV>
                  <COD_ATIV>PETR4</COD_ATIV>
                  <DT_INI_VIGENCIA>18/09/1973</DT_INI_VIGENCIA>
                  <VL_APLIC>339435</VL_APLIC>
                </ROW_ATIV>
              </ROW_APLICACOES>
              <ROW_APLICACOES>
                <COD_MOV>39</COD_MOV>
                <ROW_ATIV>
                  <TP_ATIV>3</TP_ATIV>
                  <COD_ATIV />
                  <DT_INI_VIGENCIA />
                  <VL_APLIC>50</VL_APLIC>
                </ROW_ATIV>
              </ROW_APLICACOES>
              <ROW_APLICACOES>
                <COD_MOV>40</COD_MOV>
                <ROW_ATIV>
                  <TP_ATIV>3</TP_ATIV>
                  <COD_ATIV />
                  <DT_INI_VIGENCIA />
                  <VL_APLIC>-200</VL_APLIC>
                </ROW_ATIV>
              </ROW_APLICACOES>
              <ROW_APLICACOES>
                <COD_MOV>41</COD_MOV>
                <ROW_ATIV>
                  <TP_ATIV>5</TP_ATIV>
                  <COD_ATIV />
                  <DT_INI_VIGENCIA />
                  <VL_APLIC>0</VL_APLIC>
                </ROW_ATIV>
              </ROW_APLICACOES>
              <ROW_APLICACOES>
                <COD_MOV>44</COD_MOV>
                <ROW_ATIV>
                  <TP_ATIV>7</TP_ATIV>
                  <COD_ATIV />
                  <DT_INI_VIGENCIA />
                  <VL_APLIC>0</VL_APLIC>
                </ROW_ATIV>
              </ROW_APLICACOES>
              <ROW_APLICACOES>
                <COD_MOV>45</COD_MOV>
                <ROW_ATIV>
                  <TP_ATIV>6</TP_ATIV>
                  <COD_ATIV />
                  <DT_INI_VIGENCIA />
                  <VL_APLIC>0</VL_APLIC>
                </ROW_ATIV>
              </ROW_APLICACOES>
              <ROW_APLICACOES>
                <COD_MOV>57</COD_MOV>
                <ROW_ATIV>
                  <TP_ATIV>999</TP_ATIV>
                  <COD_ATIV />
                  <DT_INI_VIGENCIA />
                  <VL_APLIC>96</VL_APLIC>
                </ROW_ATIV>
              </ROW_APLICACOES>
              <ROW_APLICACOES>
                <COD_MOV>58</COD_MOV>
                <ROW_ATIV>
                  <TP_ATIV>999</TP_ATIV>
                  <COD_ATIV />
                  <DT_INI_VIGENCIA />
                  <VL_APLIC>0</VL_APLIC>
                </ROW_ATIV>
              </ROW_APLICACOES>
              <ROW_APLICACOES>
                <COD_MOV>59</COD_MOV>
                <ROW_ATIV>
                  <TP_ATIV>999</TP_ATIV>
                  <COD_ATIV />
                  <DT_INI_VIGENCIA />
                  <VL_APLIC>0</VL_APLIC>
                </ROW_ATIV>
              </ROW_APLICACOES>
              <ROW_APLICACOES>
                <COD_MOV>74</COD_MOV>
                <ROW_ATIV>
                  <TP_ATIV>999</TP_ATIV>
                  <COD_ATIV />
                  <DT_INI_VIGENCIA />
                  <VL_APLIC>0</VL_APLIC>
                </ROW_ATIV>
              </ROW_APLICACOES>
              <ROW_APLICACOES>
                <COD_MOV>75</COD_MOV>
                <ROW_ATIV>
                  <TP_ATIV>8</TP_ATIV>
                  <COD_ATIV />
                  <DT_INI_VIGENCIA />
                  <VL_APLIC>0</VL_APLIC>
                </ROW_ATIV>
              </ROW_APLICACOES>
              <ROW_APLICACOES>
                <COD_MOV>76</COD_MOV>
                <ROW_ATIV>
                  <TP_ATIV>8</TP_ATIV>
                  <COD_ATIV />
                  <DT_INI_VIGENCIA />
                  <VL_APLIC>0</VL_APLIC>
                </ROW_ATIV>
              </ROW_APLICACOES>
              <ROW_APLICACOES>
                <COD_MOV>92</COD_MOV>
                <ROW_ATIV>
                  <TP_ATIV>22</TP_ATIV>
                  <COD_ATIV />
                  <DT_INI_VIGENCIA />
                  <VL_APLIC>0</VL_APLIC>
                </ROW_ATIV>
              </ROW_APLICACOES>
              <ROW_APLICACOES>
                <COD_MOV>93</COD_MOV>
                <ROW_ATIV>
                  <TP_ATIV>999</TP_ATIV>
                  <COD_ATIV />
                  <DT_INI_VIGENCIA />
                  <VL_APLIC>0</VL_APLIC>
                </ROW_ATIV>
              </ROW_APLICACOES>
              <ROW_APLICACOES>
                <COD_MOV>94</COD_MOV>
                <ROW_ATIV>
                  <TP_ATIV>999</TP_ATIV>
                  <COD_ATIV />
                  <DT_INI_VIGENCIA />
                  <VL_APLIC>0</VL_APLIC>
                </ROW_ATIV>
              </ROW_APLICACOES>
              <ROW_APLICACOES>
                <COD_MOV>96</COD_MOV>
                <ROW_ATIV>
                  <TP_ATIV>999</TP_ATIV>
                  <COD_ATIV />
                  <DT_INI_VIGENCIA />
                  <VL_APLIC>0</VL_APLIC>
                </ROW_ATIV>
              </ROW_APLICACOES>
              <ROW_APLICACOES>
                <COD_MOV>97</COD_MOV>
                <ROW_ATIV>
                  <TP_ATIV>999</TP_ATIV>
                  <COD_ATIV />
                  <DT_INI_VIGENCIA />
                  <VL_APLIC>0</VL_APLIC>
                </ROW_ATIV>
              </ROW_APLICACOES>
              <ROW_APLICACOES>
                <COD_MOV>143</COD_MOV>
                <ROW_ATIV>
                  <TP_ATIV>999</TP_ATIV>
                  <COD_ATIV />
                  <DT_INI_VIGENCIA />
                  <VL_APLIC>0</VL_APLIC>
                </ROW_ATIV>
              </ROW_APLICACOES>
              <ROW_APLICACOES>
                <COD_MOV>151</COD_MOV>
                <ROW_ATIV>
                  <TP_ATIV>999</TP_ATIV>
                  <COD_ATIV />
                  <DT_INI_VIGENCIA />
                  <VL_APLIC>0</VL_APLIC>
                </ROW_ATIV>
              </ROW_APLICACOES>
              <ROW_APLICACOES>
                <COD_MOV>154</COD_MOV>
                <ROW_ATIV>
                  <TP_ATIV>8</TP_ATIV>
                  <COD_ATIV />
                  <DT_INI_VIGENCIA />
                  <VL_APLIC>0</VL_APLIC>
                </ROW_ATIV>
              </ROW_APLICACOES>
              <ROW_APLICACOES>
                <COD_MOV>155</COD_MOV>
                <ROW_ATIV>
                  <TP_ATIV>999</TP_ATIV>
                  <COD_ATIV />
                  <DT_INI_VIGENCIA />
                  <VL_APLIC>0</VL_APLIC>
                </ROW_ATIV>
              </ROW_APLICACOES>
              <ROW_APLICACOES>
                <COD_MOV>156</COD_MOV>
                <ROW_ATIV>
                  <TP_ATIV>8</TP_ATIV>
                  <COD_ATIV />
                  <DT_INI_VIGENCIA />
                  <VL_APLIC>0</VL_APLIC>
                </ROW_ATIV>
              </ROW_APLICACOES>
              <ROW_APLICACOES>
                <COD_MOV>157</COD_MOV>
                <ROW_ATIV>
                  <TP_ATIV>8</TP_ATIV>
                  <COD_ATIV />
                  <DT_INI_VIGENCIA />
                  <VL_APLIC>0</VL_APLIC>
                </ROW_ATIV>
              </ROW_APLICACOES>
              <ROW_APLICACOES>
                <COD_MOV>158</COD_MOV>
                <ROW_ATIV>
                  <TP_ATIV>999</TP_ATIV>
                  <COD_ATIV />
                  <DT_INI_VIGENCIA />
                  <VL_APLIC>0</VL_APLIC>
                </ROW_ATIV>
              </ROW_APLICACOES>
              <ROW_APLICACOES>
                <COD_MOV>159</COD_MOV>
                <ROW_ATIV>
                  <TP_ATIV>999</TP_ATIV>
                  <COD_ATIV />
                  <DT_INI_VIGENCIA />
                  <VL_APLIC>0</VL_APLIC>
                </ROW_ATIV>
              </ROW_APLICACOES>
              <ROW_APLICACOES>
                <COD_MOV>160</COD_MOV>
                <ROW_ATIV>
                  <TP_ATIV>8</TP_ATIV>
                  <COD_ATIV />
                  <DT_INI_VIGENCIA />
                  <VL_APLIC>0</VL_APLIC>
                </ROW_ATIV>
              </ROW_APLICACOES>
              <ROW_APLICACOES>
                <COD_MOV>161</COD_MOV>
                <ROW_ATIV>
                  <TP_ATIV>10</TP_ATIV>
                  <COD_ATIV />
                  <DT_INI_VIGENCIA />
                  <VL_APLIC>0</VL_APLIC>
                </ROW_ATIV>
              </ROW_APLICACOES>
              <ROW_APLICACOES>
                <COD_MOV>162</COD_MOV>
                <ROW_ATIV>
                  <TP_ATIV>10</TP_ATIV>
                  <COD_ATIV />
                  <DT_INI_VIGENCIA />
                  <VL_APLIC>0</VL_APLIC>
                </ROW_ATIV>
              </ROW_APLICACOES>
              <ROW_APLICACOES>
                <COD_MOV>170</COD_MOV>
                <ROW_ATIV>
                  <TP_ATIV>999</TP_ATIV>
                  <COD_ATIV />
                  <DT_INI_VIGENCIA />
                  <VL_APLIC>0</VL_APLIC>
                </ROW_ATIV>
              </ROW_APLICACOES>
              <ROW_APLICACOES>
                <COD_MOV>171</COD_MOV>
                <ROW_ATIV>
                  <TP_ATIV>999</TP_ATIV>
                  <COD_ATIV />
                  <DT_INI_VIGENCIA />
                  <VL_APLIC>0</VL_APLIC>
                </ROW_ATIV>
              </ROW_APLICACOES>
              <ROW_APLICACOES>
                <COD_MOV>172</COD_MOV>
                <ROW_ATIV>
                  <TP_ATIV>999</TP_ATIV>
                  <COD_ATIV />
                  <DT_INI_VIGENCIA />
                  <VL_APLIC>11964</VL_APLIC>
                </ROW_ATIV>
              </ROW_APLICACOES>
              <ROW_APLICACOES>
                <COD_MOV>173</COD_MOV>
                <ROW_ATIV>
                  <TP_ATIV>16</TP_ATIV>
                  <COD_ATIV />
                  <DT_INI_VIGENCIA />
                  <VL_APLIC>0</VL_APLIC>
                </ROW_ATIV>
              </ROW_APLICACOES>
              <ROW_APLICACOES>
                <COD_MOV>175</COD_MOV>
                <ROW_ATIV>
                  <TP_ATIV>999</TP_ATIV>
                  <COD_ATIV />
                  <DT_INI_VIGENCIA />
                  <VL_APLIC>0</VL_APLIC>
                </ROW_ATIV>
              </ROW_APLICACOES>
              <ROW_APLICACOES>
                <COD_MOV>999</COD_MOV>
                <ROW_ATIV>
                  <TP_ATIV>999</TP_ATIV>
                  <COD_ATIV />
                  <DT_INI_VIGENCIA />
                  <VL_APLIC>386771</VL_APLIC>
                </ROW_ATIV>
              </ROW_APLICACOES>
            </APLICACOES>
          </ROW_PASSAGEIRO>
        </PASSAGEIRO>
      </DADOS_CONTA>
    </ROW_INFORME>
  </INVEST_NAO_RESID>
</DOC_ARQ>